0,-0.8165685225122636,0.10866394133969781,0.123108544003837,1.914296961420418e-06,1.4433925956935343,0.18472545372363264,-0.06528765353308796,0.419068058805382,0.07649769442211643,-170.28232675550603,282.00446350715583,50.70503610271047,-27.585380064334558,82.11558375743503,15.911548378109554,-136.43472341328578,87.78328130722271,29.805288003714182,1.0
1,-0.21744694489116134,-0.19816634516317344,0.004674401137489939,0.9434490463116446,0.9548131625613635,0.002219766646722977,0.2432672903705879,0.2607813895652679,0.002596121485868839,0.11960778336525112,1.4639949374351737,0.2641004249763068,-0.556550254662419,0.407991608555034,0.2186865249753171,-1.505442055111704,1.5761298232233532,0.66571810258904,1.0
2,-0.2114694529319334,-0.1974330750157435,0.0035388647596934024,0.9449691497310004,0.9552781473644397,0.002062508999984198,0.24528469249121818,0.25568422758301174,0.0021278288841265025,0.224533244336943,1.3056539697471008,0.19005739257406157,-0.3598720403991735,0.3380271985198114,0.1787712820953797,-0.7646844129103704,1.1618901771924866,0.45941674084555156,1.0
3,-0.2137789004074116,-0.1967433442256571,0.0038569745922454614,0.9441019304248828,0.955903675049098,0.0023086768898323614,0.24536635327845743,0.256772427409685,0.002247094017191059,0.1272560295168404,1.5060889263272623,0.24244827487777273,-0.5531696816184667,0.34177176105770646,0.1891698567563054,-0.8785229577178101,1.2844280012943656,0.4954333182649826,1.0
4,-0.21532067599952562,-0.19774519183741843,0.003317438741462944,0.9455927240784104,0.9558164403310742,0.002099083740892414,0.2453215411685742,0.2590999140464164,0.0024094148782436964,0.1309871372665632,1.3574003155733056,0.22504870305278699,-0.45000995223734047,0.2755037033731995,0.15499558260336851,-0.6418152458861919,1.0333998899017494,0.4094425897539501,1.0
5,-0.21368345730461136,-0.1975374261167787,0.0033137646226121748,0.9457445763371988,0.9544372677660565,0.0016787874680418281,0.24632042074931557,0.2579544220422813,0.0021437995712666443,0.10742893057417308,1.1654664562264991,0.21603488481959948,-0.3395909148861149,0.34986418352785653,0.15092610467329295,-0.7903374114631229,1.3075156203711318,0.4139538554258226,1.0
6,-0.2100031637409153,-0.19559314662539037,0.0032166081727378402,0.9433408557026963,0.9544689765103412,0.0019269346649096683,0.24889838474821688,0.2564379965539616,0.0015725898790097215,0.39901521597156236,1.0528916037400067,0.13198030931261598,-0.35872691689188957,0.13625129615115694,0.15554978729219918,-0.514375146009905,0.8356665397209411,0.36962934377048784,1.0
7,-0.20949465333843562,-0.19536223223096466,0.0032945705813684483,0.9451273515300166,0.9527066091967358,0.0016701164707849114,0.24748205068879692,0.2583274407210381,0.0018618070883398617,0.21795034245244832,1.167320429364304,0.15862297823096028,-0.46745788340152084,0.17024569305793602,0.12494174550783232,-0.45196797746816464,0.9281283932563932,0.25293640713264753,1.0
8,-0.20880982776621182,-0.19571837637169961,0.003065409461848563,0.9433220136431383,0.9538242146643917,0.0022148113580427796,0.24891894946839022,0.2595027456307117,0.0020765158636743557,0.31318217482633637,1.3644823496295844,0.19290270413601052,-0.5387294731052572,0.2757601494854742,0.14786379272758957,-0.4189906008889282,0.9788901085720475,0.3253298888529465,1.0
9,-0.2088129575657775,-0.19654382022090827,0.0026470741686197468,0.9434032626084132,0.9555327273652933,0.0025153908009417554,0.24821554157959186,0.2572710556915133,0.0016533785750790396,-0.20438011535502357,1.2947713883689418,0.27791873924701666,-0.5107731146070714,0.3166250031157624,0.1721410506699138,-0.6731988692969912,1.081814672142901,0.3853639102043637,1.0
10,7.98221951725618e-06,0.6071106442157034,0.11076819060820334,6.4433374599365426e-06,1.1512931646215714,0.1563054315086714,6.331670137187018e-06,0.910827495858372,0.1218597370764722,-147.20110665428908,74.52999234821415,30.263310258844477,-47.10564621399311,89.89812667136742,19.147831098905073,-67.96203098606287,93.74486311973031,27.36452418589386,2.0
11,0.28760565858854337,0.30007964729268355,0.002051686264729778,0.7115471882897205,0.7303637859768022,0.0028320299093863295,0.6055548897385776,0.6155046406878957,0.0020793716050415715,0.37308560531663365,1.1756394731944335,0.16908892847368767,-0.2718603620334838,0.42509010495741023,0.1376019237644896,-0.05771331534119863,0.36427111533427137,0.10327011920536948,2.0
12,0.28900280818125584,0.29842496109805405,0.0019986877807495443,0.7196988766722033,0.731740005286229,0.002465713829698503,0.6003657456830468,0.616504869607439,0.002688764778826974,-0.1575049492818303,1.3119733396933695,0.2932430615661366,-0.4232977115813277,0.3263412280001434,0.1650480830516163,-0.33551011938853614,0.6090255252100119,0.16037261498611607,2.0
13,0.289274133717898,0.2979386931290063,0.0018334196614325311,0.7185904928879068,0.7283534883540793,0.00212701079309139,0.6096345785700866,0.6184237498679821,0.0020029402452736785,0.3129209793974781,1.3149047502064672,0.20687154674422556,-0.22878958753102285,0.10299529814636711,0.06937642883479703,-0.09695577321713982,0.5138144475184053,0.09374868842858387,2.0
14,0.28929353890581805,0.29808360560273084,0.0015894755831611263,0.7190026920523568,0.73009615364506,0.0021328963046733894,0.6087121925457617,0.6177586290914445,0.0018334029512031083,0.15324561498623795,1.2701620712025945,0.1993156296692643,-0.4479523328575141,0.06651554048987039,0.08694599343879533,0.03501056298455397,0.4844928473654566,0.07595567308514392,2.0
15,0.2920772190733342,0.2992928487402435,0.0015748156808615618,0.71749609924171,0.7288883707077746,0.0020293387352678304,0.6087336517868518,0.6186264939119239,0.00214600593861361,0.31877493619312686,1.0625205688008814,0.1499137345179426,-0.2568680737959592,0.020676192586958252,0.0577944345488679,0.01986595738863109,0.3834947580852113,0.07269163148215761,2.0
16,0.2929268645051122,0.300268437356178,0.0015038161655665445,0.7146194722542125,0.7260985860118024,0.002344789162531845,0.6091699116237985,0.6187980234441475,0.0019570862121272917,0.2934338103413909,1.1689696427815912,0.16849682576370925,-0.25935439790915515,0.024322517285361642,0.0663240018791666,0.04011901583996281,0.34083115066157066,0.06680955959752402,2.0
17,0.29395236161819444,0.30266156872259714,0.0018257920867165637,0.7159976956456992,0.7246860121889583,0.002200620329927187,0.6092457313319114,0.6195847274544215,0.0024503131012812147,0.2162706929387232,1.0225338633253742,0.1346534805540375,-0.28089301598498073,0.059934116489567715,0.0742188882403949,0.04952206578475426,0.3532777832401375,0.05694303894479382,2.0
18,0.2934804822573797,0.3032075381434455,0.0018061307199560028,0.7140627326306719,0.7257179023292045,0.002276631449364348,0.608321898199716,0.6176398764484599,0.0019057604603199018,0.3002171402366721,1.1857368635404517,0.17949463896270773,-0.2908401958043614,0.0006815335833983884,0.0651737544909137,0.02713635968751881,0.43260154097676873,0.07654739945663598,2.0
19,0.2962441665069789,0.3031409459323489,0.00147473056548914,0.7152781472969527,0.7240812385226806,0.0018078602643069868,0.6077791058520255,0.6179647141045382,0.00218417924270438,0.10207740445335617,1.1907916372042784,0.1644495576809193,-0.2706458200593118,0.07175335248921319,0.06744863760491168,0.0752470096294408,0.32880025351138326,0.052040486166815766,2.0
20,-1.0790878884092105,-1.2951681254187989e-05,0.1305398708481828,3.779141251337475e-06,0.30289720134514553,0.03777034037676007,1.3365515034806166e-06,0.11401865553139716,0.014713108186034173,-14.653822788866766,8.908909167774047,4.408863018068522,-4.199184564038441,4.712748689488985,1.5762787436185772,-7.932960950587374,8.208517484649693,3.310419263846467,3.0
21,-0.9882596746711507,-0.9712054595638722,0.00392799958047265,0.25102755196785026,0.2849670718141924,0.007724242663054172,0.09103235074557803,0.13572819472123954,0.013175161741741537,-2.123989981827449,7.435419836445122,2.2572272056315863,-4.339947611339235,1.7526415851757111,1.4718888706962776,-4.549553185402022,4.370537058702757,1.401457367531036,3.0
22,-0.9989604812446574,-0.971335923436396,0.004994130967414345,0.23640591433560348,0.28223443893938094,0.011312321100388023,0.09720194024311908,0.13809389560348492,0.008118740334577823,-2.9738468508491454,4.417472921954441,1.5125928584978223,-3.0999011572885067,3.1673433124328727,1.327564294012048,-6.12838273832174,9.689837573976806,2.780724730805323,3.0
23,-0.9897636905405522,-0.9788760912183883,0.0022542010281743096,0.24864348890346438,0.2734768518846839,0.004389184022247848,0.09425446683973351,0.11869030511500932,0.0044276132862018135,-6.7535550643096185,4.446865607927379,1.5849231229069491,-1.474985178078901,2.8000793069433563,0.9670347810980625,-1.8018890175590916,2.382874076186675,0.7684092284477803,3.0
24,-0.9898951672901198,-0.9755342877366936,0.0030468461848694893,0.2511634825207106,0.27205651960453187,0.0045344097814559595,0.08758253270234793,0.11286397048425427,0.00588671097133945,-1.0585111955897262,3.106203421097193,0.9842907165302318,-1.974323425263487,2.1088193207557415,0.9663720372055006,-1.8149644427987222,1.6050365519262462,0.7200132557275041,3.0
25,-0.9885555022089303,-0.9778363478988222,0.0026476519391633578,0.25822375180526363,0.2694782129101107,0.0026001024502504072,0.07974379046208889,0.111403027053287,0.005917510499155608,-0.7428981530538727,2.653329947752735,0.8185220301970535,-1.5771627890963436,1.5908682148719235,0.7219833507375186,-0.9171713011022344,2.523845509301994,0.5758266617295131,3.0
26,-0.990722045327426,-0.9787394369285493,0.0023741954451137717,0.24968899390262808,0.2749399186132919,0.004063538973796956,0.08244775712994917,0.10378728922709883,0.004496970867416582,-12.188975595340908,4.587704704922064,2.0043084267069484,-1.295020323110916,3.7588388140183975,0.7655176566372748,-1.5931222149979911,1.6971756760879186,0.674491216615874,3.0
27,-0.9906147820652519,-0.9777618774093034,0.0023276287962100952,0.25443155922274446,0.2701488252542963,0.0033855165155492442,0.07726360521990301,0.10327381368591856,0.005202282049629955,-0.46032617672683906,2.7896413001307914,0.8444038100653967,-1.4639756339810115,1.7147848872260891,0.6708357092927708,-1.3890630611976325,1.5883182639298297,0.5335138321941904,3.0
28,-0.9906898834564893,-0.9782558256130353,0.0026730443352970556,0.25244668931817177,0.26749591858737115,0.0033702468396316363,0.07974037411797069,0.1059240083355251,0.005799061845571176,-2.5320214912637535,2.839432548236064,1.034953216063608,-1.7853523637607611,2.257290372143719,0.8191029519062952,-1.112363527271227,1.2954265647027248,0.5064189277787382,3.0
29,-0.9879166418545046,-0.9741101191415743,0.0024560618335075055,0.252915589106909,0.27183497049570016,0.004428021292791033,0.08348079582153078,0.10080625014466478,0.004426241912312153,-0.6485280689566055,2.6507374424733627,0.6984106647387799,-1.6163886652563344,1.1680262792107448,0.601794102117456,-1.2196340589389463,1.1532543541062839,0.527212361872115,3.0
30,-1.5543838875451819,0.7115937604144228,0.30919250298691037,-0.008797725237729842,1.428344697044763,0.26811283871238434,-0.5656763854619586,0.9644173034812862,0.30098035375538823,-270.8451151042496,339.41978432910264,125.460470199829,-141.25100717608132,108.60569001300924,33.56652954128558,-66.11403478320435,266.6653170765437,46.90152006642611,4.0
31,-1.2892837537540953,0.7078295950232353,0.3790732565837751,-0.23048861725857733,1.929113223360548,0.3226775031070925,-1.096287161675242,0.8006820705835487,0.45798119820129324,-533.9922771464878,496.82668032435424,186.61226569206548,-128.24374447487102,171.62366609417353,42.190447136513185,-196.892995742769,185.5255165535621,52.28585768679207,4.0
32,-1.3668541895512993,1.0095289105526384,0.4349756356742772,-0.20089585380203825,1.7687784110130227,0.37360178237903463,-0.7103627618082416,0.9088770966823688,0.4654956929515231,-466.15164233751426,502.4940275599879,174.19529470590865,-151.56672240868593,76.66678541653502,42.549768614371494,-174.65784524423836,176.99958719319073,51.642914053303755,4.0
33,-1.2656771519876262,1.1389513563913414,0.42392174869479626,0.01742865948799384,1.3148005397167326,0.28626894052396296,-0.10392122782499617,1.1082159808183445,0.23991915917413006,-157.54996483529794,257.78815060720956,81.08082573806638,-189.8736463596451,165.45504632457948,63.026061032208354,-147.43821331795445,102.83669534220518,53.15250038601986,4.0
34,-1.5295838034993068,0.9632333454366515,0.4712276705776665,0.1605701063764553,1.1722767175769426,0.2554002067211831,-0.5301545902059912,1.1576095507410022,0.28573846150829235,-187.0856606309003,252.12806592670674,92.05657727951085,-166.75456925194638,221.88384891465577,72.54569710862978,-169.55041578865118,104.96138963681533,52.53384564115217,4.0
35,-1.021142028508121,-0.238236220965883,0.13771391265449867,-0.2139893186755366,1.3775550520190476,0.3686069847020639,-0.7859114961519177,0.812035296755844,0.4318457669020903,-619.739185271959,679.0804027615744,310.79217886277814,-86.91952094904508,63.44882128603592,29.888232687094696,-106.9536295175564,144.25887656683759,51.340423980685976,4.0
36,-0.9235577199773775,-0.017238259689904167,0.22370430533180785,0.39533126693853976,1.2018848442548928,0.14970701615388032,-0.8242610606200473,0.7051802195877915,0.35634240552732116,-220.46473573632332,329.34706215878856,101.37354617749574,-99.78588239877632,39.92982965732109,30.756508464797864,-70.04860682770412,110.57369062663204,32.22836806510034,4.0
37,-0.8420349276642877,-0.21720116263756434,0.1512807529487333,0.6656030718099814,1.0937534357817567,0.095304797436356,-0.15131483228821402,0.37651827378705577,0.0993438757583134,-64.6387374248307,117.67027290689232,30.665970905610408,-68.37569131116484,49.87014636471378,17.53226627786427,-27.487618677519286,43.515491081047664,14.6062994970921,4.0
38,-0.7865005414883334,0.24373530275331265,0.13845055656065036,-0.3428152444752021,1.2278675853266037,0.5033160950132806,0.031075523934712787,0.9912523209100415,0.2516475791024491,-180.3325868727923,267.20601165347233,80.65456878290937,-71.5033866516724,45.55626279372302,16.204230129512222,-75.80262564771704,70.38594517179934,18.187843515362896,4.0
39,-0.8796162141035121,0.2392399542355291,0.15528978331774695,0.24001514843402355,1.3431177828793115,0.21551992681367188,-0.8647265709009145,0.7812971556536598,0.4060847433111587,-435.82053726109547,473.96901280185085,224.93336746610387,-49.59827959461982,83.06260086164357,27.698548222388705,-99.24103401290066,92.43335855884885,43.7098664673181,4.0
40,-1.120553555525506,0.0015187438649774203,0.22036924718335107,0.25335602136532215,1.3275948580173633,0.19296302109991448,-0.8039783716230896,0.6508986937507036,0.3337981855115651,-467.78719035634447,487.0969000998492,183.29152651625793,-51.51826489126765,46.57544289727182,21.48401082067347,-71.36092804926052,129.31197245000055,39.46896261260081,4.0
41,-1.0176056567924086,0.1955090882901985,0.20908848774215216,0.4887989354346142,1.1887844084123267,0.1508694129944346,-0.697318865481315,0.7912586643505103,0.42269802167330955,-205.41266705976287,336.4560062730272,101.02173168887307,-68.31947043177608,114.83756622034537,24.484406177205052,-90.62774496103641,79.43572745253617,26.957912749631806,4.0
42,-1.136450071396528,-0.11462224849650307,0.2024912511569581,0.22557474680916806,0.9670262531231738,0.15889779129511208,-0.6916097466042059,0.5326931896761052,0.3742275583593165,-140.46165327885467,190.64318182719734,62.97285164115623,-104.76862538717751,55.32157369845276,26.84091246328531,-31.419140673902778,82.53931938891351,23.0843200395931,4.0
43,-0.8259519970916315,0.11983555886651896,0.20855226471494717,-0.2368453496010086,1.4127799587711567,0.43261450803719853,-0.6047285994314097,0.9834186827577173,0.4863586044189279,-297.47445142037867,345.4327282554485,116.23872586229831,-42.766619973081944,73.81107194948909,22.045672738423562,-79.60261151937236,63.43345993633593,22.529955336602878,4.0
44,-0.8605225577967003,-0.490542511827548,0.08195258340220762,0.2356310476959595,1.1711542074697534,0.23045893771657588,-0.7971080164455974,0.708121329989755,0.36953901374870474,-482.6001708944377,566.154107368351,246.14370008766608,-38.0323289003206,42.696517529203916,21.79416426156541,-73.65068862439772,104.28863299747984,35.23863340882754,4.0
45,-1.0018461666406668,0.39900200591801804,0.25857650346362104,0.23421298530755952,1.604243514117405,0.22122679407026313,-0.7909245608406353,0.5840821138806094,0.36102638113128666,-352.5217260817415,522.691871861834,147.3795511738055,-70.40526824773421,86.87780908114048,27.095477970198914,-107.63589835215289,98.76807472842269,35.02929983879609,4.0
46,-0.9443950053753617,-0.13767042269920338,0.12436150582575503,0.5852526103039957,1.0263521317316224,0.07734885665527744,-0.5336367224872035,0.49207370155462565,0.24012390757096236,-132.87197306995776,118.45416202364233,45.37443563415672,-36.738805078593394,17.211447185111044,8.933349311566994,-37.771977977282575,49.58184411233607,12.608058668139954,4.0
47,-1.167319062943124,-0.12732007153822547,0.25610292444545535,-0.24652673691151167,1.1920243663959007,0.28423505015641126,-0.7519584591375503,0.456608277404384,0.3102758347948359,-312.20325527923706,450.3438553826567,127.26516066237014,-111.02660047949843,91.76461241157236,32.18135507134557,-73.27822430995796,86.93596992100349,33.97610298416307,4.0
48,-0.9487821768557497,0.7179665176134186,0.19342101772359627,-0.013242022026425649,1.725365720707946,0.3724240198695406,-0.18122172918125987,0.9909959451660442,0.3199708003048432,-439.6201930757233,373.00784750835004,114.16053149830985,-118.93818454037775,150.35844699824477,28.06388375036624,-160.05211113928706,75.55447709810342,28.046965940864762,4.0
49,-1.2062826339788166,0.08787547103870273,0.18925571449386056,0.3276367794314727,1.370375398730459,0.21501500929162304,-0.39817821823247207,0.8936045274835414,0.29578482925841876,-265.63686153237495,317.3250703854354,151.23696181306923,-112.1800488481148,137.2761772609943,41.43397424887926,-138.75470144984362,46.274352180871595,28.34872413455448,4.0
50,-1.4026249109041855,0.04356313758611672,0.2796918698822936,5.9105248056745276e-06,1.178407459076742,0.23314725148575116,-0.45389224780704657,0.7025018659301372,0.24515171238543282,-102.68579065890663,127.32993262879248,40.84598118844102,-99.81207783442656,97.36720136313687,39.408758094326565,-63.193795414183626,71.66294106307892,27.484386098957838,5.0
51,-1.3655451792233846,-0.2761046994403012,0.2733081116273253,-0.15395350762557447,1.217347840100159,0.23798171291692072,-0.7898363151864439,0.5172767423472739,0.3139786424039632,-74.34321972689605,146.3526859882138,43.341134206123634,-134.52603074759813,122.17254720433957,52.358254725248095,-104.8298354730297,208.52981946598018,47.28932078051503,5.0
52,-1.2690559336416949,0.003264106295950625,0.25814293704148705,-0.016180621968289042,1.2173276033952583,0.2437246680306292,-0.558516024200737,0.6896048974801948,0.3482350149956696,-128.28320678466474,91.00828601083529,46.30164966868506,-148.51479014686808,136.17281672058004,62.723231536553584,-108.40393736170216,133.93385025539231,57.459297472076926,5.0
53,-1.5073775310636806,-0.11739768649872491,0.30849597909188614,0.05401197825060797,0.9844118516388171,0.1827685526529375,-0.2499601849773389,0.741254590408336,0.2174471836185818,-83.47039287104612,160.37222172767645,46.15200715554748,-101.13205836828233,159.58410493221186,63.96595125270795,-106.83280168223042,106.63141934788284,53.149921925485934,5.0
54,-1.5279275101869545,-0.17183888820487872,0.24352671187183741,0.06808069641523568,1.1708586212208327,0.2272046489313057,-0.44419664428522365,0.6698486090906217,0.24494499256577687,-98.84212987471479,44.929986577216056,30.709671651099885,-107.39672415778612,115.35537998581276,53.765188643817424,-131.48654155910162,145.5827999725996,54.42017057633786,5.0
55,-1.272638464779891,-0.07930530235034171,0.2367178075732945,-0.029881562215538806,0.9974495298543911,0.2760719966772203,-0.1773767652574776,0.543385196132314,0.15694583114824984,-183.33311817614026,113.51902387328408,45.39495529182621,-123.8620518984082,105.77171422783697,45.46131804454665,-128.96434363148322,95.21291030208191,49.94561316523891,5.0
56,-1.400465910909149,-0.0631775014619839,0.28356652088726153,0.037935566064815116,1.573254750766188,0.2790983744676622,-0.285644576576303,0.6069510989675273,0.20296684562050432,-287.6740973690123,199.9211323587619,65.98888565337975,-113.91926364203243,110.6784332051718,47.22799733228969,-134.73150462641374,122.97230109684652,50.29045019585456,5.0
57,-1.2661855074127126,-0.24691294956693635,0.20897041380906037,0.22239550819204246,0.8769378649083783,0.1519175680314615,-0.2767033735075571,0.6734601354941335,0.23137920590546318,-55.07937675497727,96.93858015528093,33.57632760141241,-93.21055254701864,156.40065567298248,54.92347776299054,-89.90401714479488,91.60271515221156,50.07220653096838,5.0
58,-1.2609636384716876,-0.009642535775556573,0.26024327901567823,-0.05420256863756771,1.0587032390735596,0.23601067309614718,-0.6393453890041972,0.6681067844366614,0.26474925829273377,-44.81319151615702,206.44739118104843,42.146090608700405,-65.5017821480328,148.68675710513807,57.4145422362884,-67.73405956409964,111.7256361659094,40.57604053949728,5.0
59,-1.013356159271926,0.06310757271671857,0.2627248798486984,0.21879162080848596,1.0281492875504763,0.16690675491713225,-0.6800616987088681,0.6233652823339867,0.3663975615392843,-115.63294652050753,115.72009530254192,48.96288054544314,-89.47540715385583,107.22717504033598,47.297405498820524,-93.80913286256924,71.30588778837422,35.44244231374864,5.0
60,-1.489062037790641,-1.528911760645571e-05,0.33263011111568946,-0.04632250929357659,0.926462440395636,0.23600302981196186,-0.549002638813909,0.7950656472773308,0.3527957797016257,-110.72621507995746,202.21406168385346,63.6731861536756,-87.73446741465497,106.38161651305268,38.217057590049116,-191.34460558547352,135.7443198138497,58.53354934527837,6.0
61,-1.3832017737225706,-0.13003708539702208,0.2936346640540143,-0.15190968103144967,0.9522300801205307,0.20721841086456239,-0.6805614003702118,0.7061521508816563,0.3989685410819194,-143.6277809769379,261.4675050678486,86.21623895490362,-30.447607967204036,52.981628445766944,21.933959414616528,-106.75211721237702,120.15294063526689,42.0944597039642,6.0
62,-1.2594289096623952,-0.2102756660341628,0.22555943340222762,0.26012551793355004,1.0930273356392424,0.17517318573800075,-0.05165120760318574,0.7664586265778486,0.16236974134718796,-93.85369294310968,160.90427157093856,54.31491842853718,-235.92939686503843,90.78238631496798,62.41799217884223,-149.20810123669645,163.97775990294267,63.897636872053695,6.0
63,-1.345862656918675,0.11644202091674537,0.4057638814844337,0.15545390545939883,1.065697706490625,0.27663437025883897,-0.2118353026969001,0.44265382003487075,0.17620062963555203,-157.19042984397768,60.79078655405409,47.231659472721326,-62.882218082271436,177.82936602721423,46.58771236417964,-162.3769648912343,135.89995429041602,55.55787216053952,6.0
64,-1.524245808208055,0.4242354585010168,0.44105263878706197,-0.025355903498711602,1.8323005275571789,0.26939215958568286,-0.3154422463062951,0.8409438575633399,0.26581412147339417,-89.5750417922935,266.9944655620119,48.19081252390143,-60.642790007660324,90.77452108257252,23.660359909668898,-475.0360976095023,95.3324728938245,97.12177754458172,6.0
65,-1.502749060055866,-0.05437100012798479,0.27154528403390493,0.0952175702508162,0.9934218619628816,0.177055440205997,-0.7312020792237292,0.2086848533145381,0.24255464675363186,-111.7598096311392,92.50539572754765,42.373602755625484,-156.3421404983596,51.96813373917985,35.81692238185517,-92.70252050173015,98.90300874876417,34.81004141760251,6.0
66,-1.388672804238791,0.2856446782384367,0.28380601951762086,0.06541038630982181,1.310073516203241,0.2309069127060725,-0.45933351053632987,0.7468332487006492,0.32160376696211473,-173.7911326986455,391.0389759781698,78.86647632116288,-109.91588429965302,115.71509081421218,34.982822745422546,-169.17846199833787,102.46580543456692,45.286051391563014,6.0
67,-1.3672697224074275,-0.7159734093818981,0.09507036525062978,-0.05821289709518615,0.43238103354864416,0.07697912149899383,-0.31667486714867565,0.20615894663128298,0.1538181605299656,-193.4792066893133,33.90135481087983,46.65840587331683,-43.221713735927935,61.777008801560655,20.44707313769723,-109.92345520847832,119.42178956148527,55.5088154956187,6.0
68,-1.0132167055249046,0.47305159118964274,0.4944752691969147,0.1963345610271692,1.2970481175337896,0.25938584348404203,-0.6270531241919072,0.7506465820645798,0.2938446314014876,-292.04754967716036,128.43765529455638,63.45794122077587,-113.80001215115225,193.19158842647207,61.11430401068048,-119.55108384491774,101.06410463299532,51.29910507643073,6.0
69,-2.028035353305427,0.3388997365092731,0.48126511791284254,0.025364967052760645,1.1483211190083646,0.20731225383746887,-0.3934316704539127,0.7844008517122922,0.2561684404703841,-89.02268781485732,132.61814596202373,42.722945165277544,-119.08028948068777,119.59059770505067,63.91764623389165,-119.65564480437882,135.84072975314962,52.13477530129675,6.0
70,-1.6075426249483298,-0.2022090722403949,0.2657562788680258,-0.010521697505476366,0.778451670951928,0.15311528530535315,-0.5637758522121756,0.6942159879565079,0.26846377400163646,-78.944897387418,78.28543253091891,32.70053027045233,-213.87404520975699,148.95367962755367,81.47397451610233,-107.92021547095446,62.01289146155298,31.75116571176571,6.0
71,-1.6670577828803588,-0.04726730372596678,0.3973490885456736,-0.07931229323708097,1.115591232318063,0.2257192877032572,-0.21532899650613413,0.5375436650095337,0.19692649073571264,-83.06950035812368,100.57451372560773,36.34078535374495,-212.99217061106413,150.43397841051555,76.46446113064718,-170.25428249531595,143.21367027563664,52.497982536877686,6.0
72,-1.6594022028140087,-0.1287775254828075,0.3606403414171173,-0.11540263988938011,0.9881023612252272,0.22160243282849512,-0.2241095857727422,0.6010247089090779,0.16632022511761232,-136.18587450036807,76.21948377572126,46.42371040383527,-119.98250067368728,215.87905827352455,88.44193819624286,-97.22681620919872,116.23551071947541,42.70708016628642,6.0
73,-1.7654679761368495,0.10887686830327553,0.3687891187522983,-0.16773244546838506,0.941179427894421,0.21028035683423665,-0.05396923675442245,0.6154026736194959,0.1616182362838178,-117.93347269811353,118.18717565687732,51.795322885861445,-126.3036162452858,180.087971036004,79.74450980411741,-79.04811886447075,132.06989458837518,48.95750892615095,6.0
74,-1.529090375299149,-0.1146102904060581,0.32704337070377265,-0.07637517500694269,0.9508464425409031,0.20448619547826655,-0.3719696709989153,0.8295609381729209,0.3011557144824565,-118.8553211739826,87.28416404459425,43.70230089570944,-144.12388719012048,167.37907716065098,76.7670524507801,-45.854307128881466,132.90898031482135,44.116683947905,6.0
75,-1.1537188394176061,-1.5912593491807223e-05,0.17470519369383541,-0.10170082043515614,1.1421475812079407,0.2484454488385831,-0.40460586836817547,0.3333855247970192,0.1485390277428792,-121.27251857314141,96.16353200298107,51.349376519900964,-56.29435819935605,96.45342928234014,33.09815538296782,-86.2030669572031,74.76828163159439,38.00722730423824,7.0
76,-1.50000172596445,-0.2732720130311274,0.2465836852357022,-0.15726066038774164,0.8949152805876831,0.24903974654176403,-0.2587391049089738,0.4039748266270938,0.14694610920217338,-241.58318018564273,196.3888773766197,107.6403001832014,-89.20726448679167,65.55456375966972,36.20593785529091,-208.11124442617907,221.58841217890733,105.79448561876409,7.0
77,-1.937315632791752,-0.5704889729319551,0.28949923169502884,-0.11407035549320532,0.709038132173366,0.20231711621837267,-0.26769190602418774,0.6628776892547708,0.1520063902674607,-192.50397645152083,215.45478703431058,100.79823350699796,-60.67718995417555,123.20733675207701,37.57145206820788,-265.7243597757338,256.0912789195751,132.8623384245973,7.0
78,-1.5478030084572603,0.26373335500228945,0.4039811414092021,0.11177682447857018,1.5648619012695768,0.3449030419073128,-0.10565088331985047,0.7563112265665497,0.1978105136372334,-145.63026784088126,134.35945404713422,51.16793563141902,-124.70387988300938,103.16123426255952,52.54989602932836,-362.7764325826195,222.0585853582237,85.2110357550766,7.0
79,-1.8510713941139012,-0.705085458801976,0.21798393711653372,-0.043797569575896596,0.6312183239868054,0.19595739379165095,-0.17770669585295262,0.2955664477060283,0.10834416263064924,-243.8756217218969,229.03201957190603,118.16804847357568,-74.0287751612608,82.39294397376692,32.98803872093217,-349.5207370156884,197.8551827561763,118.0487039013893,7.0
80,-1.603811628200723,-0.6748671100154061,0.20383178254545428,-0.09160871474183839,0.5752429360669888,0.19183151361758288,-0.08251282460241625,0.28438702925377074,0.0887826212400378,-187.26300948228698,134.64486590690865,100.7424230917945,-88.2748516857402,100.93742329281915,45.29969085014776,-203.11603193473707,255.943250145713,131.16562977538817,7.0
81,-1.4566066445920338,-0.699866219868681,0.18631012838773173,-0.03044473914655223,0.5833147125630629,0.18731144914993644,-0.09652354361731351,0.30207125427520504,0.10081710098449854,-218.30871035434637,149.39801148532356,100.30212856402798,-78.64570545461885,90.99350240581416,43.50868473360769,-203.8633278339252,191.7756530122843,113.32788938359658,7.0
82,-1.5457747045657917,-0.7207116801344234,0.19255562474954044,-0.06407470122829093,0.57029135672118,0.168180491566564,-0.0790880442458714,0.3075833614115749,0.09305033677220981,-187.61626407881135,140.7171923568358,98.08916297698391,-99.83688830251047,102.61921574431616,42.49069204856395,-181.0989240213952,181.9444134410269,103.62888115401705,7.0
83,-2.4333598920841455,-0.3821086894418701,0.3458595832467227,-0.16715894463098346,0.5637488288282624,0.18358249317581082,-0.18200803885499955,0.3991760360709344,0.13237545926278413,-204.06275303180104,145.27018571204414,90.82624919003071,-84.17507183952937,118.40441756678392,47.865811751929904,-356.4000440494531,288.7897378507511,153.7647801610925,7.0
84,-1.5363542442623106,-0.5835157097357146,0.18403592082962184,-0.07262362660160754,0.6853691693434009,0.20129301634594182,-0.11494221384002354,0.25575674029824264,0.10787596731431826,-210.3542579721147,125.1414021115418,105.48649108163168,-107.30294115340261,99.23096825165611,45.44564700255514,-230.82630994472046,215.06008144532044,127.49320592120976,7.0
85,-1.9442824909420695,-0.6229483697361239,0.25975017386915766,-0.48181692376196206,0.7070485418159715,0.24861122922983211,-0.2539678158034906,0.4730161858541277,0.1460320338704118,-212.66956856242226,164.74553883304137,99.31022812870003,-84.65275415436477,119.70449070944375,43.40880320137973,-316.3076431814355,316.2765985033759,145.86924842347707,7.0
86,-1.887327260015823,-0.4787030621579955,0.3051299577393586,-0.44680396731269806,0.6419241902617469,0.23899439918722715,-0.3913364934877722,0.3565369762742539,0.16312870250819148,-235.8181940936564,180.83772981694668,112.0397741754591,-91.82689404536777,125.30040759752998,44.953090482799254,-318.09904080199163,280.96907759953837,172.7789260657708,7.0
87,-1.848190719553372,-0.6408887532737623,0.2532157528218748,-0.2675860969978332,0.5809281610193388,0.2194382877657834,-0.15665813710786913,0.18741985285437512,0.0828102236348671,-222.41477830954068,205.48129340529107,115.78897135109816,-72.87623062803128,55.10955408099836,31.52005254835106,-286.7420183500019,250.08187442563388,140.4290374475494,7.0
88,-1.6619562194972457,-0.6914428694149555,0.23677427241530477,-0.08364470967848688,0.5714185364852301,0.1882228653987154,-0.09801367179066786,0.2840344561861769,0.08786427141046904,-198.56317867070055,133.2713775513478,105.28573108236549,-63.60091380763109,89.72830667439591,31.31685522714236,-223.29595423579948,204.15733113057044,130.15863613826906,7.0
89,-1.523844294383828,-0.6966939067826022,0.21691571771273727,-0.09895133072881053,0.5726378842959343,0.1785699439587009,-0.16890499444298254,0.26131549200275894,0.09660572110305486,-194.354951855847,164.01619604075265,101.92249245475577,-76.53741130543726,92.48505098583469,37.86998928328949,-202.55969436675346,208.87754574813354,120.10989430006785,7.0
90,-1.5376425901761392,-0.6484132010202778,0.2035264599291155,-0.07380218685782136,0.6328757410595509,0.1897520538823415,-0.09544884551583173,0.3008757932309324,0.09380564437437874,-185.8571567740654,160.24974797193136,96.76594463663625,-90.76886843738406,91.27251511015561,44.35855135312864,-193.10342312947276,197.31749745131822,120.65467557610035,7.0
91,-1.6128078520348907,-0.7427849913001986,0.22074575330998528,-0.17090662417633404,0.6172337503316091,0.2071455660495334,-0.1579802258202548,0.3215260325450567,0.09932745819482879,-194.63889846928294,159.6830614668923,107.9961173653956,-75.96653494021658,95.84089112907337,37.87498070253601,-231.30366635782246,204.34907226504967,131.82080914461255,7.0
92,-1.6765257338274264,-0.543998501294282,0.2598107507145858,-0.07877675046283775,0.5473752783688322,0.17513827967927584,-0.1831696749604875,0.25298538205961346,0.09400911862299907,-215.81375213486967,140.85415410382512,100.07126494840912,-47.09106773970415,57.10609046036576,24.8834210667472,-248.89441020816201,229.1326371597477,125.65541191321424,7.0
93,-1.6696656523839888,-0.5958697205966478,0.25925484379414704,-0.16460030688603858,0.4845436950280581,0.17505896106661553,-0.19697704070073366,0.17906416409640225,0.08826528057026879,-188.50592227455718,161.64115022041244,108.25918675963472,-58.05712391199439,45.038777077342004,24.443953772171394,-258.1378017517232,221.1161233706141,127.09484581146752,7.0
94,-1.7600661819608194,-0.48716244346183685,0.3006329952398856,-0.16206546068111613,0.4690336715954763,0.16479634101357016,-0.2494127187319674,0.30758524175235447,0.11585947565150431,-203.21379547209315,216.92778350222886,96.49669543063708,-55.52602902644381,43.102823938744116,24.419638094665334,-263.1467668972205,197.26506411382607,98.60802632580746,7.0
95,-1.5165255338975503,-0.5563026970227244,0.22786671652373044,-0.2861634613916032,0.49092058412997325,0.1720846306608346,-0.1523052117779034,0.2451635898658059,0.09560127936782854,-197.8298722848398,186.77008903611346,102.68950885691324,-79.88138798834704,46.85060627254297,25.44250785959292,-210.60022833657476,175.9371994164212,96.5811807151926,7.0
96,-1.4822748657635425,-0.5281332873902188,0.2711365877047155,-0.12614938564942432,0.4818482982057739,0.15178055338675053,-0.16616099871526005,0.2911850814295421,0.10783386370828602,-178.38829640765698,137.54253930127456,88.75144440315637,-49.725235437732145,53.50034144119027,19.92302262741606,-148.38799857688244,176.31033849925674,81.45570894625999,7.0
97,-1.4487678739804544,-0.6035784284274814,0.21870802001027217,-0.054037812218943125,0.5416717869511912,0.16763305434922976,-0.14779378948725289,0.22394350177531003,0.08787247769547105,-233.52175981327966,130.52870247660735,105.11345501830881,-56.13826559163986,41.52477119806418,25.283927836388443,-164.32188358595914,186.43528550920922,103.49651029869021,7.0
98,-1.4680681646160862,-0.6005341587272474,0.23132719479003125,-0.09204110990445828,0.4655155168951264,0.15537862972125288,-0.13088323012720682,0.24650710831966052,0.08316954617542396,-171.32878417331338,141.0700972822706,99.01458318446493,-41.177256399737786,46.04332583611195,22.077850522635238,-200.92792340675237,182.63224645295398,105.24275850698658,7.0
99,-1.5367483629422412,-0.4962409893200712,0.23438834939103328,-0.12566821370454145,0.4994518306016178,0.16579270742249394,-0.1359443949093075,0.20958730583192145,0.09714077544982741,-198.69931552122978,134.85444797953932,101.24501948960246,-44.10872397369309,44.274709023672735,21.788229024773614,-205.19534575418797,210.92748956756049,105.25592796785047,7.0
100,-1.505207058211852,-0.5667732974738804,0.23927223802567507,-0.11741653246971175,0.4892794874111357,0.1623903273155101,-0.19095739519856192,0.18257714926969082,0.08756290915203142,-244.22588644053576,141.5993501419264,104.61213168769376,-39.73011324324843,51.037632476656206,22.441399478924684,-207.16998635939007,183.73685665406674,105.86172018204792,7.0
101,-1.5651442658624577,-0.6941632370874379,0.2159664646998472,-0.046791070563859484,0.5357894560298815,0.1630780512868766,-0.0983156597315842,0.2214554713710254,0.0723578679790868,-191.1431041613986,149.68185495851245,104.84248082583484,-50.882237507006984,70.26892035771252,27.188961985213968,-217.90409944097695,207.0889086643746,120.04761284624837,7.0
102,-1.5386975017098807,-0.6167107510554873,0.2294573364031447,-0.016933142464752953,0.5083568044406905,0.156835311949328,-0.11125222204333325,0.20152162497898962,0.07852726090051196,-162.19050528364068,150.44554795946087,94.46515336094113,-54.81051186060506,64.94979503699335,22.892217621400995,-218.23574396600387,181.85649496702908,107.54172660747207,7.0
103,-1.5569429840431765,-0.6046605034411302,0.23541204492371687,-0.057400303165429684,0.4756804624311623,0.15071574018105854,-0.1591259295628349,0.1924732138522543,0.08520926359916822,-188.56402583859196,142.4067032779254,94.13657901218255,-43.56701812732959,46.97429575037099,21.17881759044873,-205.65035963704182,198.9603497258732,113.69261843957909,7.0
104,-1.4392299817083523,-0.6204331799672732,0.2296178504955199,-0.007886566896936306,0.4301249384383522,0.12806801589425543,-0.07102298589114758,0.21072658326211552,0.07274847516986806,-176.3031344114035,125.83188135244738,84.39756928143028,-48.59934364714331,48.89798216375017,20.05118116521974,-163.59794651416024,148.28833602014976,88.55221997010231,7.0
105,-1.4936219981615404,-0.5685963436042385,0.2433729903409264,-0.06205338497752363,0.37870783356995763,0.10443278677845541,-0.16862276785287708,0.20316961027406472,0.0745011932882526,-148.70886876022487,128.74122487755236,69.94243587397743,-31.526757450446933,34.06410593273004,17.096615538554158,-144.1963838502941,147.43260214443708,81.2662573914816,7.0
106,-1.4821385246306,-0.6204848186629367,0.2013344002756217,-0.07904844918836892,0.4608944366077159,0.15345258544079635,-0.08070867564183322,0.36654246629346926,0.09176822401294618,-155.1654876420536,133.38907611934889,94.44179677658386,-59.646973496476804,79.51258984659198,31.84486200197256,-168.84244911133592,208.85747398138966,107.50788804744799,7.0
107,-1.4728613281816982,-0.6250714180860643,0.1949912692554649,-0.05635086988117865,0.5543055075960434,0.16531676780299914,-0.09083367982812404,0.2545982510632328,0.08454127391568689,-165.38793733942845,133.07991997236073,97.11867884536326,-62.021138993226266,76.56067608405809,30.011944424862428,-187.0230256139476,203.98878672565542,118.08414483807157,7.0
108,-1.619714544599518,-0.7574787715646495,0.19542192332237351,-0.09443095022266061,0.5740347721456548,0.18014103213744903,-0.246208085370813,0.2638614469441931,0.10635600981470275,-236.9610957835315,155.69646848244153,104.39400489759883,-70.63367247197861,64.27814954244657,31.55775559024823,-217.04078690649771,210.304629064543,115.13140070875818,7.0
109,-1.336528861267085,-0.6656388896718162,0.15441043513573327,0.08177116541706615,0.44824943988483507,0.09328044474934684,-0.003061721626553932,0.44799669401456377,0.08859181349134729,-155.0289757786399,81.22188257389693,62.515386818080344,-42.97185241390971,46.76105515307732,18.133049734029576,-144.8051376623278,146.24382992906303,63.449084671650695,7.0
110,-1.4111671896842048,-0.7347602908016406,0.1692339471310165,0.04287867433195643,0.501645357929542,0.13334210769459554,-0.019586579957624254,0.3890467956062394,0.09266492743630253,-136.3711283437334,95.24420543095228,70.40216256803228,-58.87776444063823,70.50997443650775,31.18360328551924,-169.2584083957157,200.7347696819446,96.91881148159003,7.0
111,-1.8499269240099385,-0.6745724693996791,0.2328871162423229,-0.10536901073893253,0.882816057731812,0.23556096854700903,-0.16412802172378135,0.6368447275435136,0.16465248516327496,-148.47613506596733,150.56784561251766,89.2781802406087,-60.66672797327949,82.33543378038173,32.616289163597635,-225.3481769697416,274.7112039106588,139.11824554387346,7.0
112,-1.391398330531284,-0.7630351114196271,0.16311461301360558,0.007114358727614791,0.4909410811714837,0.14054182647863953,-0.031599145268414425,0.31779727061702207,0.08324842859663881,-166.91020212667465,135.88775436115887,82.72905457278411,-52.093628056825885,80.00581278692019,28.079844739603924,-152.34889522344642,178.8281625978582,106.34573582202599,7.0
113,-1.4775925698671302,-0.6895080231939145,0.19590795319427196,-0.08117244665464092,0.4953806270794172,0.14785272018073625,-0.12893391480519675,0.2911374163823606,0.09538965808824343,-171.04736633944762,118.04325431621048,79.99449289749488,-76.23040830907429,70.46059060550348,31.36329269283655,-201.22869511795102,182.9203428265521,106.92159621606352,7.0
114,-1.5649542469346598,-0.8537593120420709,0.17448891723719967,-0.018588845443748593,0.5391345304985042,0.16101841856185434,-0.12883368601338221,0.36430045259260463,0.14050205574744154,-161.1041893012791,114.87864997158833,77.48705756769881,-41.901444803338684,85.44072414153325,31.2786068985891,-197.8157102770955,224.66397346097273,117.37620740993808,7.0
115,-1.3517570751917098,-0.5728765222794663,0.17543437900796005,0.07881453735232034,0.6482361419323701,0.12348866557845753,-0.04944805502000153,0.26091782842075145,0.07934956038879831,-135.51269715898556,86.14816394366692,63.624783580417386,-40.07389429030488,77.98968056422953,23.45413519092716,-122.65429831190374,144.05672734453788,71.06687229752596,7.0
116,-1.4347574297124872,-0.581567938580457,0.19401311084168713,0.04249948615032837,0.5624248203846655,0.1470865626158527,0.01806411007927623,0.22615846288973288,0.06012972774262743,-158.39452068256801,101.20866330237222,76.71424253095385,-54.66507872546148,59.360403736176174,25.69598721182842,-142.00653982148535,169.8350362030549,86.78602674120478,7.0
117,-1.7246142882473152,-1.097769545001217e-05,0.24592585694363686,-0.36413380719318594,0.6023558439604819,0.1982971413082718,-0.25685657683475344,0.32032437186678414,0.11604681086623067,-151.4602838389043,115.22480931068922,65.59642326328071,-70.31408053777282,71.25144922144042,25.116556103427925,-182.80804130621004,223.9551699570566,111.79591779931405,8.0
118,-1.378127306733191,-0.6355790004728298,0.16319161559545461,-0.07343869529876283,0.5189575372110451,0.1391990129591969,-0.17572681426607295,0.4206032419943867,0.14629210490419842,-134.89926503725283,105.64576242855446,67.39768733809547,-70.95825845299206,72.42765038125474,34.28374681926221,-193.65416038888517,189.25663981972664,118.60111978916173,8.0
119,-1.6339071091646185,-0.5286325295389523,0.20607306369208023,0.015389648259319108,0.7347047957252997,0.14904540636697763,-0.17982399162785556,0.4489426345412893,0.15940711086291007,-207.97901953006277,75.78716514157372,75.93129344191942,-41.537486335486925,100.0219806238304,31.72710666565518,-190.52110518173095,195.1775724023093,103.67561999217868,8.0
120,-1.4626269645218748,-0.7143457624170994,0.1663547988220167,-0.11884130547784268,0.5798129422213005,0.17473140391891961,-0.17310655017357968,0.49028295785383375,0.15621755245479,-159.92870246082353,94.65577775942704,63.00315066112891,-57.54520806803974,70.46023953690066,31.005634687453618,-165.47709965856848,179.79776845151358,86.06578088274588,8.0
121,-1.4300900209722993,-0.5836377350148213,0.17321504961745293,-0.11488847605976768,0.6961089432239282,0.19357014944567288,-0.16835325787193917,0.29146717631053304,0.12943574780731135,-231.37907283853949,103.98953572656671,68.67159285001986,-71.9525566771937,79.6537821073062,33.32421199005489,-157.55928501299815,143.0620776817315,73.39674171612887,8.0
122,-1.4178963565690614,-0.6507861249645788,0.18532354841899001,0.03353468630365962,0.582118576085422,0.12803783234045987,-0.24936556429697002,0.24826444455057228,0.11886128349975773,-187.68185119393786,67.34574816807527,62.7627841940606,-37.731819789955026,48.281184449310146,23.556970090054133,-144.32958710684701,124.32035039598429,64.8674227413783,8.0
123,-1.9972127388277625,-1.4354568464873383e-05,0.3983815960773301,-0.1862674346970839,0.6486122798973593,0.2037925425355217,-0.3531200571198159,0.4474563844382515,0.16127324475748922,-149.84166850154972,121.38957962853364,60.54623850355082,-104.88444425921507,114.53239813623446,41.274534246838584,-225.42786591224188,200.66490045240357,105.72842879261029,9.0
124,-1.649797022712763,-0.3731478865495527,0.2921187266659822,-0.20639574927319496,0.7234361686889774,0.2063732586759405,-0.3404693387785869,0.43035769088429765,0.16962298255870692,-133.79833638162395,143.15204394856,60.280608469212424,-86.26597118466739,108.88971649693454,40.09866521035707,-201.75699767104933,182.18634152885923,92.82030109054676,9.0
125,-1.771825171420339,-0.49197249228829776,0.2632287558267007,-0.12435641302359769,0.5181874842449371,0.15871291879575458,-0.17567073582999973,0.4461209881548599,0.11052765185447974,-123.05094105550667,152.88567541138204,76.08468960974535,-98.6283668473719,87.1331656256337,39.11894932456264,-234.32517172275917,217.32370584098734,119.13170297598417,9.0
126,-1.6647540778469214,-0.44003639928001564,0.3001299554104235,-0.3107325446298655,0.729533626360255,0.18493512945177698,-0.2736064916049532,0.46487041180254146,0.1654824742433969,-94.85799717409701,150.3834453728842,56.712876553843635,-89.14581559924493,102.98510404945469,39.036911531147084,-202.82257321365722,175.62101266845406,80.97437017999943,9.0
127,-1.6618022231083773,-0.3726681423575452,0.28575442949672036,-0.2216656323979767,0.6828247631086475,0.20158586125067351,-0.3748359235333301,0.4689076067008424,0.20389642025312793,-113.55537031476412,143.55516596716953,65.41729713296199,-74.2348060765072,85.92441702551558,37.70234041644413,-192.98995468012106,159.46639056628783,79.18952132051426,9.0
128,-1.7856431724729174,-0.5751323623836143,0.2935337793076183,-0.08343630212108341,0.4761672283076736,0.1591941630881367,-0.074911824325893,0.45839813849678385,0.10121421425152656,-102.27072774597114,143.76460582907535,67.25745482125855,-59.09145377193274,66.6447343733567,24.355882549723606,-212.6599546286554,224.23720498282555,118.82388729424383,9.0
129,-2.552217644663756,0.9740240590527584,0.9819528292430939,-0.9220213067987443,2.1630256799207834,0.8972592622637292,-0.38790782281186903,1.336135395244245,0.47064059419074333,-124.2333533834777,100.04053831838843,54.34971870119151,-53.18247525217088,60.24930612558609,23.369458187941987,-293.41861681055116,250.55611693089472,154.435229493942,10.0
130,-2.231413468552309,0.8787948119302059,0.9328281220381857,-0.7344973656715648,2.1519415924686864,0.8490259255441769,-0.3386143778612336,1.3477725324354841,0.44235194277531337,-122.82191532778913,108.86584633927723,59.16010313832196,-61.407896648376905,62.07112498533574,31.80295166110025,-295.73847549337853,224.7802459496315,150.349777898154,10.0
131,-2.2049896801421767,0.8994544424184272,0.9061872423423113,-0.7921061891270245,2.211302448613167,0.896412655269797,-0.361566387780178,1.3336393761433711,0.4575745535489781,-115.50670100227381,119.51305505801236,58.07646208046267,-55.38524470245334,64.30942668142208,30.28320003758269,-276.19121466979294,226.8944768890133,146.6394577069757,10.0
132,-2.4184650249180817,1.0270882379047053,0.9659351465083859,-0.6920893689125521,2.274255870630972,0.8695444422036335,-0.40996296320750897,1.390004832920238,0.48121453244163215,-129.0102381346322,118.87755572430495,65.83740663827245,-60.05209921785353,51.78794372539561,21.622623303865517,-282.7802338091228,231.8516057178642,150.83401145284984,10.0
133,-2.407122663463873,0.9685415937942141,0.9571926446435527,-0.7651739920024339,2.3558227922178485,0.8931038553788273,-0.4052687336434908,1.3312650082628756,0.48913599780478734,-129.5328419093671,117.75651785120054,62.01421653487126,-46.578493678385236,55.72281543851503,21.556394957225162,-300.1052017071837,247.23242777012797,153.18420454585802,10.0
134,-2.2429288659395397,1.0480217570484929,0.9662310219317962,-0.8102340338206637,2.210948833987033,0.8552149550194119,-0.41819078642995644,1.3396089096504116,0.46276599034258,-136.02589885779255,134.6378802963108,69.59979005043743,-53.52171610760822,45.87510357900941,24.070206424837824,-280.8144000805727,233.22388316972808,145.97409247164424,10.0
135,-2.5073528527204885,0.8600867716124782,0.8647625964559469,-0.78249317854841,2.4712371760042218,0.8469025944986378,-0.48777652701354735,1.2194029466432512,0.43776921736158175,-124.04842037829985,174.43801899813843,67.13810488724198,-153.00181547945712,153.96291138893298,54.977785713217024,-285.0134231100645,238.25886398560903,128.26480808394152,10.0
136,-2.148056714663809,0.9801504105692274,0.8722104509817558,-0.8389082576622967,2.483023300764574,0.861941891912877,-0.37805052754038687,1.4878346205601232,0.4582532680947246,-112.60383853912998,128.30185463371166,60.24947009834003,-174.65768064917796,135.05667388813254,66.82500689183486,-257.37281097738975,221.87755300204344,124.34702350954346,10.0
137,-2.333556707271791,1.0361074032770947,0.9574511446093509,-0.7931820876695608,2.2470468692080567,0.8834650005418808,-0.48107430498077464,1.4575155352270108,0.5246977799368382,-136.03877695708758,125.57044992288587,60.90655032405048,-55.594649961106704,102.64922862876165,32.69722192700386,-279.54425318981947,248.69390087139237,153.42894484763215,10.0
138,-2.226711836219935,0.9988182128524566,0.9239172552849472,-0.7144026734898947,2.7847790095184752,0.8765383388838666,-0.5343620623642776,1.5313039191349433,0.5459408306590324,-169.43375391250186,194.57508531634505,75.4426245898263,-211.9330881810893,175.07841252959537,54.10020446208283,-262.5178395274697,240.08408244403068,138.8434367539566,10.0
139,-2.3552957880244216,0.9421812633164635,0.9440933864433814,-0.8074385248787393,2.29420461438587,0.8883754901824983,-0.4184582296594973,1.2551980845800912,0.49396078335794386,-132.51832988934353,121.19072746434618,65.48141485341564,-62.40099371986159,56.842124206489416,27.339002273151088,-273.1558676994759,253.02181599219676,154.09261635777972,10.0
140,-2.60218080618041,0.9843050832386647,0.9771803927057184,-0.9901805590496721,2.300125876403209,0.9124109622688779,-0.4046633247419877,1.2571316900991825,0.47258089294452044,-149.77055014610727,141.45596984408533,69.29127624806793,-47.15484904335928,42.768874456334984,22.68530513663168,-281.96823957899284,281.21009789987556,156.56064143269253,10.0
141,-2.4493289509422875,0.9055971414062275,0.9902755385630632,-0.8474932323696817,2.2834389396473997,0.8861332262079702,-0.4404562357709491,1.2198463146601926,0.45681376723937106,-114.11260775402297,116.84452042477243,59.61766530872024,-48.66707446832812,64.8894654254247,26.30959734015195,-296.044840495555,233.03394847298102,146.53870876400856,10.0
142,-2.5129052522536157,0.9028253459877613,0.9761495611435773,-0.9141168532884711,2.4414757289950515,0.9402233263938645,-0.49002029190922874,1.2084998096733686,0.48343825505593824,-144.6451605200465,129.51806152130226,72.04421333310295,-46.771340390761246,57.28545751315536,24.673624787193372,-301.0507249130777,278.15772528757594,164.2158217369991,10.0
143,-2.4081870242424057,1.0148747896958896,0.9776149217304494,-1.021312986453545,2.366543868068235,0.9170756621725527,-0.3810510098960172,1.265095619829283,0.44378527943995333,-129.90816961025877,118.2881875928715,66.29137174412936,-52.85064811071112,45.50385694937111,20.853813431370032,-297.58866315701135,263.80788561854854,155.46768355768802,10.0
144,-2.620232326166818,1.0442084162380803,0.9937186064956013,-1.0284990678345056,2.4132473157307475,0.9352895743178639,-0.5210489850262022,1.4482857003420204,0.5133541208881884,-169.69265392398512,274.0028390072007,82.60157685568822,-84.73858102777497,61.766020998800336,32.99917489278931,-346.9893016244428,277.28479125258815,171.6894471887575,10.0
145,-2.4994623992535976,0.9914919766172106,0.9998714304297418,-0.8841969738817238,2.351925069340659,0.8941599940181041,-0.5100722496532157,1.235320565762158,0.46599986081865613,-143.07677763075327,147.69137226162903,77.98552180719125,-64.92333032670057,51.93785186861251,25.37618263687476,-284.3424642983903,261.98428173726467,151.52648858618886,10.0
146,-2.4668161765786913,0.9152686071612215,0.9311041368332186,-0.9107157445140402,2.2885727749835336,0.8908707049495838,-0.4654433263342316,1.1869426975695792,0.4613804503004198,-161.71549306604834,155.04207514066152,75.95519824044864,-68.4206057089599,77.17470970902177,32.48784558725432,-269.27883462732126,250.96103292948806,153.34156728409556,10.0
147,-2.089218729690461,0.9405372427991703,0.8961919874486349,-0.7920935779804333,2.3137430804196772,0.869208959946086,-0.3818304736547651,1.153433044585192,0.4028399759463088,-133.4636281727,156.50779325599225,71.09190821770757,-58.940502845847064,69.07372126127179,28.907818365891746,-262.93841533064256,221.3399661102587,141.48750691063074,10.0
148,-2.263148891783055,0.897556935522429,0.8950042629866436,-0.8890015208602893,2.3971788579229156,0.8669384255306811,-0.42495223141890154,1.1195123877756505,0.4145342198236401,-142.71687072159042,116.74624473143723,71.36806098505367,-81.86215367897948,74.70325209387579,29.703212353646915,-292.444483888948,240.42053390635374,148.3864788150932,10.0
149,-2.094490579182654,0.8634797170009987,0.9102297326910703,-0.8867899264772112,2.2986667669217717,0.8995385023115531,-0.46745328571621353,1.0758759523891812,0.4234648787245532,-123.7645684140695,100.62612259441431,66.04522882949576,-68.28917680322556,81.76306271823726,48.77337399329914,-282.1637080235829,205.36923514363025,150.13232295055042,10.0
150,-0.609834846382487,-7.289616241631153e-06,0.07326115568576469,5.271096445644512e-06,0.4565492007791995,0.060393510634973245,1.0295195408350197e-05,0.8479503080661555,0.104030068531181,-9.570594136656053,14.759290750442561,5.722532108782186,-10.941634706448973,7.602131526908241,4.246423075192406,-11.869046359702079,15.141808013409321,8.125883465765956,11.0
151,-0.5521791456750565,-0.4596145527891633,0.020572806814109047,0.3662704405199836,0.4853519842743049,0.03129326842922391,0.7452592854718469,0.8134532437000824,0.013411947435438979,-12.669295008142171,16.579214067047833,6.673237871247789,-12.376958209562254,10.474411867559407,5.101164782220366,-13.701034328398398,18.279602872044617,8.581379064561586,11.0
152,-0.5603859875758868,-0.47721452329530006,0.019638300967726643,0.3641881015028944,0.4663151442013285,0.030901458149146566,0.7421791451022366,0.7974377511840223,0.011004431050781532,-11.61330977500226,15.89787902344653,6.255336200620178,-9.219805606051544,11.219751541407376,4.586728547711927,-13.461055744736226,20.981238071796287,9.156543233937171,11.0
153,-0.5628211362781025,-0.46652408339355456,0.020794572093447348,0.3620350212560438,0.4790635972866156,0.032343029439497684,0.7495032709728372,0.7950167230331091,0.010619176041352929,-10.44613937547466,17.796133973691944,6.699603126382194,-12.07425992393755,9.275128359228056,4.8314100125692985,-14.882665442293009,18.930563667352825,9.444383191635648,11.0
154,-0.5543838793045238,-0.48581888090814596,0.01849945332400811,0.36795880697343464,0.49373260190286383,0.0326437455232508,0.7380788917278361,0.7985519286566953,0.010624897190410853,-10.925804053305095,22.67722011535993,6.553356451947788,-10.842564125109746,8.768418743675754,4.245600698544826,-12.700627431057478,16.745747793282014,8.637682064111777,11.0
155,-0.5809263838955298,-0.500168643660737,0.018089831553812188,0.32977136738621343,0.451369191719131,0.030286260121122177,0.734989963865353,0.8019022570616308,0.010526293919253416,-12.626652370198572,15.872939850104247,6.214834049792829,-11.05283197019966,10.736055254798044,4.560983722845767,-11.019827740950154,13.346748117055268,8.029081409726498,11.0
156,-0.5698353351986157,-0.49119836473708217,0.017019834088837955,0.3519316516496483,0.4564855509541471,0.028406425681084063,0.7599402603335084,0.8028306284207013,0.009459322955935065,-8.71037263139414,12.73064461410849,5.241291920024183,-9.469028458036618,7.300338730165699,4.023581941864344,-12.27203295038925,13.889626877202238,8.27915554224995,11.0
157,-0.5703460333907922,-0.48706640780436206,0.017673601673678384,0.342584730666592,0.4660086312801877,0.03118463968553953,0.7591378341541221,0.8118261802151014,0.009282591195984284,-10.153994642687147,16.336549242422475,6.00691990098137,-12.72708209791214,7.97866628446394,4.174707834954457,-13.092846969989466,17.945138241206337,8.285648185402628,11.0
158,-0.5630758020814666,-0.4823790736177366,0.016698166083608947,0.3638984383376638,0.4858720050676039,0.029463538731218458,0.7480654467758353,0.7923731722018645,0.008674379639143307,-10.94258239585326,13.788362210586747,5.46886771918214,-10.148063360237668,7.9427089204729695,3.5935983377539458,-12.85186794893598,16.93568958591072,8.156275550770035,11.0
159,-0.5841858010137434,-0.4917186825752931,0.018512175893891876,0.33746022151541516,0.4502776800018595,0.029909653098533828,0.7490558259786092,0.8026185369555694,0.011094897877502199,-11.332111235121102,17.130518560731865,6.558099298450334,-9.00823498778511,8.216718535356312,4.2923509952330425,-12.012709577221177,14.81703062817055,8.29615818699958,11.0
160,-0.5669432627760587,-0.4846589788423481,0.016572447062955898,0.3640335740510865,0.4715283015418061,0.029952529032932083,0.7570778000941739,0.8032893446959661,0.009873217312246592,-10.818560017534828,13.995269716546137,5.186596077677729,-10.318537251657906,7.725524363236753,3.996390664358698,-12.269909728587633,15.032964796161352,8.124822869402085,11.0
161,-0.566121139213059,-0.49533969660772503,0.016771238250690424,0.33324255239453193,0.4596122408644058,0.03200816835353019,0.7459429894798483,0.8069493144011355,0.010704639879926913,-10.89295815256534,16.925993522347916,7.15216629501242,-10.83812955920694,9.317852316039941,4.389700293518515,-13.214710271556504,14.839644952286523,8.385287889818171,11.0
162,-0.5722247519273956,-0.4994223110642871,0.01820408022620946,0.36411226724758805,0.4655031213185198,0.031325733489358215,0.7510808526164484,0.8034855730171411,0.011041672350837781,-11.424391400290508,15.332753261208408,6.353006237333729,-12.468231314194593,8.585887012985173,4.768967892115816,-11.94375814691345,14.24457603895403,7.881489461341194,11.0
163,-0.5628548458782812,-0.49821367972672076,0.016680568069727945,0.3597877187224689,0.4705191211898694,0.03109929853934506,0.7450446061246875,0.79926536309376,0.012305776563626919,-8.868315998614413,13.947239554019468,5.732586676190611,-10.82325154574657,8.028857943098847,4.224457229768205,-15.043969676090816,16.294495459665228,9.119611925023657,11.0
164,-0.5633945776018926,-0.49413511407991356,0.018532187660123496,0.3596257321993808,0.48401564420485405,0.031455655832601355,0.7466911500265204,0.7946610377472026,0.010077424985993925,-10.091681950792655,15.635718747832545,5.819716003982673,-10.194443776758659,10.049280981115295,4.474830628998271,-13.540181489887695,19.69005205099322,8.346454834506154,11.0
165,-0.5617838491123575,-0.49705828803037355,0.016617176718721212,0.356588133326523,0.4578183854174582,0.028837994100717062,0.7521316720487085,0.7969419581606072,0.009614456806297446,-9.533028730498616,12.362746952827269,5.554596327921285,-8.715330584733007,8.281321953763484,4.237446082914525,-11.930336428232232,13.770633769889763,7.566690418959569,11.0
166,-0.5541460574369733,-0.4756317575346776,0.01821331347852803,0.3666423163368388,0.4735785166801658,0.03105170471810329,0.750017254272973,0.8021024566885284,0.010391607212822044,-11.660828912708501,12.925592867795812,5.63297349257562,-9.393451298156958,9.238069586297666,4.363188931262854,-11.23236180545448,17.922528993631087,8.541664166923841,11.0
167,-0.5781004705838345,-0.4924605314256524,0.01794554370872253,0.35869664925527955,0.4686452043237935,0.028704576443635627,0.7501603193345238,0.8011625207567833,0.011537230077194727,-17.732684271753048,13.198066088438054,6.052337221524384,-9.703288147556243,14.645539966955763,4.252862009976597,-13.427952000644206,14.865224248364806,7.795985752919573,11.0
168,-0.5628976332916388,-0.4756111907927262,0.019220728720324202,0.3652609168987112,0.47013454314751646,0.029761806259511938,0.7428543506707255,0.8049694708615954,0.013688334673506185,-11.318477619035482,15.765610608331379,6.181788157556476,-10.239549613929663,10.374279551189412,4.523549304628821,-11.965413570370767,14.752246075008372,8.175787134563551,11.0
169,-0.5663534912076966,-0.49984100066744735,0.01587347637694503,0.3544301978870411,0.4588839296495951,0.0284630552091039,0.7540881395240765,0.7924573821598254,0.008007282874397252,-9.029667312949885,9.541349082246766,4.606897026854195,-5.745068520348349,7.622606918859667,3.305162209133694,-12.239559854353127,14.767678183156638,8.290889995177272,11.0
170,-0.5783485690893532,-6.926032756250261e-06,0.07241399915132496,5.9105248056745276e-06,0.5153621774787878,0.06775464521436521,9.969366113041763e-06,0.8439331119684397,0.1019938868804415,-13.038076581018014,11.33322905968246,6.1759466219958075,-9.971295556659049,8.914357456359939,3.6623808334966923,-12.961895308812666,21.398750071464438,9.75510609737585,12.0
171,-0.5634364949448353,-0.46678959081089105,0.019828316490647854,0.38758833462007414,0.49849661331357287,0.0324066370861332,0.7393134713731754,0.7810525840795295,0.008609444436382868,-13.186174770947847,14.633825938792052,6.570060816282606,-7.6653004752448135,8.51975075887935,3.780999952766517,-14.140137750820127,16.236036437221067,9.00713934658529,12.0
172,-0.5824877686343969,-0.4819592575934446,0.021758627136781155,0.37803531213767155,0.5106405622551573,0.032864132157100205,0.7305408944805555,0.7801208806308947,0.009313673106583736,-16.633812557893645,15.117977024973966,7.326614163169936,-8.770877543804737,12.599346756801841,4.77376928573291,-13.089999033078609,17.740811209573003,8.893800908833963,12.0
173,-0.582423454425964,-0.4724187451794404,0.022173888164631967,0.37118398253656015,0.503726908411114,0.03368818155707126,0.7384726219480574,0.7809832278449618,0.009225528776298566,-14.10330013295488,15.960351115316136,6.881698521689168,-11.737275000319459,9.084007656069465,4.507424339555463,-13.964115721764019,20.04889109713177,9.372978540471864,12.0
174,-0.5638215896016777,-0.4382046528927031,0.025166791838757068,0.3891127931534624,0.5329797164443513,0.03207105318634043,0.7324852732775662,0.7859667865848616,0.010154436866980986,-14.548802474604027,13.341310310757182,6.837345364852019,-8.847518051222602,9.732419980859222,4.480310247554794,-13.462740020096621,23.300985257095704,9.846225512056103,12.0
175,-0.5609953900258792,-0.47296831387910226,0.020668303478061995,0.39354353372361633,0.5163729380505909,0.03401292376983222,0.734463523456654,0.7762395694283342,0.009369807476844022,-14.205731752988939,15.063001179934643,6.357312476030357,-9.323957382175305,9.015965066027023,4.301883306797177,-13.374063811237194,16.60911552471977,9.554848314877397,12.0
176,-0.551670837096206,-0.4758131215956459,0.017293179266109748,0.3998215781316628,0.52451840147231,0.03266513760205827,0.7295475715917612,0.7836373732115307,0.010504144966983398,-12.337658403007532,11.675527821319049,6.362221325375108,-7.826153469753183,8.894444069805017,3.594544705897718,-13.218744085195267,17.914702801688374,9.82094308685898,12.0
177,-0.5574368909514392,-0.47960358866880176,0.019288576508872717,0.39033629452774904,0.5110326108238252,0.035169303331163956,0.7366376394402687,0.7788656669733631,0.009032223783627743,-14.799074865812274,12.597131670399577,6.360561070657812,-7.688989263429787,8.204161553101535,3.6578435322722527,-14.41468421656905,20.59811110288532,10.103336670702353,12.0
178,-0.5616335100897596,-0.4857720750499072,0.01789010897555293,0.38240577355634814,0.5064950224339149,0.03245035240600614,0.7325102206998387,0.781589060040567,0.010260302358478305,-13.984404486226031,13.48049998160374,5.9044196206283415,-9.400670051850385,9.560312555415564,3.7475537507276115,-16.073949745857437,15.424577731431091,9.911297681588536,12.0
179,-0.5680428238965902,-0.4916297515347216,0.01823539960958145,0.38800771174219,0.5069537670923185,0.032807261121232424,0.7304967862666092,0.7808288086283679,0.010953966096414483,-12.096071803047439,12.94012157513859,6.707199182230306,-8.41947214831294,9.976495435824452,4.2128077588982284,-14.282739630443473,16.14329463794662,9.205853650455225,12.0
180,-0.5647649640173814,-0.48578573408373077,0.021206781704711165,0.38798291241357846,0.5067422462576695,0.03478247774122095,0.7334838415264646,0.777971779189636,0.009375847145533309,-12.21744343599147,12.458652634673767,6.495099531032351,-10.216754198791294,9.064947085225212,4.253331460055798,-19.320616873122166,18.84889657861356,9.95654152950538,12.0
181,-0.5796395745471384,-0.4698653007912504,0.02120939473464024,0.3737808052213138,0.5054747595978826,0.033037499391811956,0.7386131528133593,0.7841286944457945,0.008751149839129656,-16.272084947817437,13.39994587922691,7.252549674830601,-8.461024087848399,9.027597049029632,4.124769395957663,-14.20304982952724,15.968043899183902,9.123953260409177,12.0
182,-0.5546120517505068,-0.4868272028531731,0.016223779336137757,0.39835940359667993,0.5033333181639038,0.03032190452755593,0.7370849021224439,0.7819505757764742,0.008799475526892846,-9.834172460430269,10.617408458230477,5.503145079241882,-6.706528371610207,6.100001019867474,3.221823624714271,-16.484995141985817,16.447064398177286,8.93347797077888,12.0
183,-0.5501650808257024,-0.475243250188812,0.018008445153471882,0.4007866036293533,0.5022241664887795,0.031968644129836556,0.7323293524319348,0.7844633170603423,0.008666031845235537,-10.936295016082944,12.84071836502508,6.032337974608549,-9.80288588530687,8.805537953315293,4.001329707995166,-13.240175826229699,15.548604944691288,8.839074337397346,12.0
184,-0.5721964960059153,-0.4830638684960056,0.021773693630426135,0.3922140785509737,0.5192543223259372,0.03639566522844374,0.7318470024955874,0.7790085309582506,0.010732071923927815,-13.414723846913338,15.38405559052117,6.422929577505064,-10.18508289207447,9.53774569028596,4.28595895385645,-15.080501927396883,19.310392220654013,10.528254896244588,12.0
185,-0.5810920941382651,-0.4846421801321566,0.022322075428727467,0.3851608394829266,0.5021252707632433,0.034818904469046494,0.719159619603695,0.769209977159034,0.009992423212819429,-13.468708074890452,11.416517028123033,6.82175579681858,-9.126834622835531,12.575153860820569,4.764375999917959,-18.43101109691454,17.16415496559847,10.364509827878413,12.0
186,-0.5656163194926486,-0.4814408438542917,0.019651272372597096,0.4038999019631528,0.5283748993693018,0.033665001334655636,0.7210435848677167,0.7672755301196834,0.008475661375425858,-12.506214387730097,12.21414356127064,6.364124389444757,-8.107254300822337,8.004029269754907,3.4826734846709466,-18.492991321981354,17.063212890403644,10.138310299868447,12.0
187,-0.5676317904521958,-0.4598775992344806,0.022703066613731036,0.396645104658425,0.5259896322154592,0.0354368453471159,0.7213336649561188,0.7660328135531668,0.00902093996604645,-10.978843699867971,10.323900327455934,6.248821002860255,-8.43187994883598,11.459391205131455,4.702587848202486,-16.1980787390179,18.75690846475066,10.258622732927432,12.0
188,-0.5550483610354003,-0.470980399441167,0.01918702318366604,0.4120563944077573,0.5299249757717646,0.03167699599430143,0.7173776262229055,0.7703715458153733,0.008007557175550557,-11.193634705908803,14.621001850077505,5.857399944080319,-10.167378700289042,11.05854892258193,4.12968852352061,-15.845735347278397,15.892269749424637,9.594982692500022,12.0
189,-0.551688792734445,-0.4240023514137956,0.026991369716238472,0.4143717519438115,0.564711535306388,0.03721851105363295,0.7233471866941733,0.78148457199373,0.009932413248264193,-14.486154465437226,15.598770642186098,7.681205015475956,-15.418601276435613,11.707580848271514,5.720391432166845,-14.666247117492981,24.50879999108229,10.278196263314841,12.0
190,-2.9905842817889337,-6.354668288181862e-06,0.6473191087614424,-1.2522866934425436,2.8508082281676237,0.7731322278276909,-1.6879934035178388,0.9582249577793867,0.6724064371927606,-299.0553490584073,550.8315116638595,200.14497960610294,-198.29860855518555,278.82351464925125,134.27948341423374,-431.41513162005185,527.226365089916,251.52030452810752,13.0
191,-3.173565702230985,-0.10954393652755418,0.7602385265189485,-0.5120440189670724,1.978513794023209,0.6576776893876671,-1.4188914603697194,0.9664884391719971,0.6236248836099049,-248.29504494942356,605.610907791113,235.4514516973579,-174.1884333901147,249.94734025555914,121.98740037612787,-402.37689743819203,465.15943095644417,237.17595193969115,13.0
192,-2.9646843532871285,-0.011058619764518175,0.7495580207083876,-0.48751370573654207,2.1775408640130096,0.7262087314476329,-1.4874683247657512,0.973610897146009,0.5914073606794863,-245.68702714762736,672.1397523465891,245.0539171130979,-164.82249351781917,246.84046541117135,113.09290808784652,-421.78865596484565,469.70693831519617,234.5644970125921,13.0
193,-3.299751912903338,-0.048801766505704634,0.7563087833187223,-0.5676775227105956,2.0220495554297973,0.7115753162176853,-1.392459418425769,1.220985388674658,0.6656703880944804,-344.44600165708647,709.0680219943737,271.52127312071684,-174.8805808865221,271.5115957688794,114.55959783050936,-346.974716111577,462.66349904371594,225.45707377484956,13.0
194,-3.2669784130074957,0.41585489822280075,0.7944376093545935,-0.5013380966723597,2.2741999432473414,0.7110429126389837,-1.7163584118006123,1.0536712588276957,0.705308331173278,-258.30935597964685,696.9915839529546,253.4020458335518,-160.88340744435376,261.02631375479734,114.19896635715067,-419.0393045016267,481.3151623546849,227.56569283129355,13.0
195,-3.825754308118979,0.22226135690692683,0.7262620072982711,-0.5781102348549596,2.3244192284135115,0.7653660232650433,-1.5417460865472672,1.2682051178608724,0.7222819046879776,-304.03957173837836,735.8853342425585,255.0938576196652,-175.11630081148263,272.6471425816779,118.7013290960504,-355.33251473000377,452.57098372535637,218.71658212542488,13.0
196,-3.466936084322887,0.4391146888705863,0.8648043046438112,-0.49614925833934054,2.508694045203312,0.8032112413521271,-1.5527118927751558,1.0628999802323345,0.6857924963130536,-275.204360244749,743.0556339177451,278.1222293179949,-192.30870739334065,290.28446466456427,122.6370124900018,-418.0592566540613,453.21776712118816,237.5567725487196,13.0
197,-3.2900106323681646,0.24612222930858071,0.7471367574777952,-0.6426736893744133,2.2771990136618845,0.8301498508042882,-1.9482963524471866,1.0496331956190998,0.7098859448822155,-261.14949052243924,696.1797402073187,254.079409557483,-198.51295858093317,267.57598127307875,128.67398775410183,-407.9153163056582,492.5481625219023,229.73072372968198,13.0
198,-3.3578665737900684,0.23384101347130956,0.8157068787353319,-0.684046635681692,2.8966298053576707,0.841906111117919,-1.5717593597730355,1.4752927021423161,0.7560644631212312,-289.4896670812753,727.0862387154572,272.4301670371666,-178.47752472571662,272.67949828159493,122.12371187733966,-399.1851142590812,493.42572647192156,235.538848311219,13.0
199,-3.4488155595441565,0.27032667989505793,0.9058518999189532,-0.605470667264012,2.7552150696088717,0.866647696473646,-1.6717026353722444,1.3890187571214525,0.7089966385259613,-278.5076726772341,712.0777209753217,267.4316945249926,-174.89194695985506,288.3547171038786,123.79053257495072,-398.37250319062116,480.0258217612305,234.50907158951327,13.0
200,-3.3338286714565277,0.2230359644590608,0.862323601484918,-0.4714255546075011,2.213233060699353,0.8037747901105267,-1.4200664692126586,0.7122208525310534,0.6095064844373996,-216.1062601632106,665.1442120658669,243.88299876526432,-161.76617457807842,281.2837331317891,125.62258095810785,-404.0201765461396,443.0813401598564,239.51051058659968,13.0
